{
  "config": {
    "experiment_name": "quantum_learning_v2",
    "n_qubits_per_vector": 3,
    "shots": 4096,
    "spsa_iterations": 150,
    "spsa_lr": 0.1,
    "contrastive_margin": 0.3
  },
  "git_commit": "96a9555",
  "timestamp": "2025-11-25T11:06:43.996172",
  "results": {
    "entangled": {
      "test_same": 0.9081797885770554,
      "test_diff": -0.3339208809071961,
      "final_loss": 0.2069314790533382,
      "best_loss": 0.20468893961138138
    },
    "product": {
      "test_same": 0.4822278714983493,
      "final_loss": 0.12025003497459893
    },
    "training_test": {
      "random_corr": 0.9315056923074446,
      "trained_corr": 0.9081797885770554,
      "improvement": -0.02332590373038923
    }
  },
  "learning_demonstrated": 