{
  "config": {
    "experiment_name": "quantum_learning_v7_definitive",
    "n_qubits_per_vector": 3,
    "n_features": 6,
    "n_ancilla": 1,
    "shots": 4096,
    "spsa_iterations": 300,
    "spsa_lr": 0.2,
    "reupload_layers": 2
  },
  "git_commit": "96a9555",
  "timestamp": "2025-11-25T13:46:25.666977",
  "results": {
    "corr_random": 0.5372288362576171,
    "corr_trained": 0.6376601007580017,
    "training_effect": 0.10043126450038464,
    "pred_span": 0.03564453125,
    "final_loss": 0.6945114136886046,
    "best_loss": 0.6851095495818544,
    "variance_explained": 0.3641303479671478,
    "preds_trained": [
      0.49609375,
      0.50439453125,
      0.5126953125,
      0.481689453125,
      0.47705078125,
      0.49560546875,
      0.501953125,
      0.497802734375
    ],
    "preds_random": [
      0.908203125,
      0.509033203125,
      0.51318359375,
      0.264404296875,
      0.49462890625,
      0.495849609375,
      0.455810546875,
      0.477783203125
    ],
    "targets": [
      0.5023755431175232,
      0.569089412689209,
      0.3726113438606262,
      0.1262686550617218,
      0.29896703362464905,
      0.3339841961860657,
      0.5725405812263489,
      0.3948492705821991
    ]
  },
  "learning_demonstrated": false
}