{
  "config": {
    "experiment_name": "quantum_learning_v3_hardware",
    "n_qubits_per_vector": 3,
    "n_ancilla": 1,
    "shots": 4096,
    "spsa_iterations": 200,
    "spsa_lr": 0.15,
    "use_hardware": true,
    "backend_name": "ibm_fez"
  },
  "mode": "hardware",
  "backend": "ibm_fez",
  "git_commit": "900be9e",
  "timestamp": "2025-11-26T14:54:54.421568",
  "results": {
    "simulation_correlation": 0.5151285592333193,
    "hardware_random_correlation": -0.6307647476551695,
    "hardware_trained_correlation": 0.60791922648888,
    "hardware_learning_effect": 1.2386839741440494,
    "transfer_gap": -0.09279066725556062,
    "p_value": 0.10984828832879068,
    "preds_random_hardware": [
      0.50927734375,
      0.50048828125,
      0.474853515625,
      0.526123046875,
      0.51953125,
      0.563232421875,
      0.510009765625,
      0.506103515625
    ],
    "preds_trained_hardware": [
      0.650390625,
      0.555419921875,
      0.5693359375,
      0.447021484375,
      0.50732421875,
      0.52197265625,
      0.4921875,
      0.496826171875
    ],
    "targets": [
      0.569089412689209,
      0.6287289261817932,
      0.5793447494506836,
      0.22592118382453918,
      0.3758339583873749,
      0.30764874815940857,
      0.6272711157798767,
      0.3339841961860657
    ],
    "success_correlation": true,
    "success_learning": true
  },
  "quantum_advantage_evidence": {
    "learning_effect_hardware": 1.2386839741440494,
    "correlation_survived": 0.60791922648888,
    "learning_validated": true,
    "transfer_validated": true
  }
}