{
  "config": {
    "experiment_name": "v3_scaling_50pairs",
    "n_qubits_per_vector": 5,
    "n_ancilla": 1,
    "shots": 4096,
    "spsa_iterations": 300,
    "spsa_lr": 0.12,
    "use_hardware": false,
    "backend_name": "ibm_fez"
  },
  "mode": "simulation",
  "timestamp": "2025-11-26T16:39:20.600670",
  "scaling": {
    "n_training_pairs": 50,
    "n_qubits": 11,
    "n_params": 33
  },
  "results": {
    "correlation": -0.10547959636464913,
    "p_value": 0.4659857315731812,
    "predictions": [
      0.513671875,
      0.503662109375,
      0.492919921875,
      0.4873046875,
      0.502197265625,
      0.504638671875,
      0.50537109375,
      0.49560546875,
      0.492431640625,
      0.503173828125,
      0.49072265625,
      0.50390625,
      0.500244140625,
      0.5078125,
      0.506591796875,
      0.497802734375,
      0.492919921875,
      0.48876953125,
      0.49658203125,
      0.50732421875,
      0.499267578125,
      0.497802734375,
      0.47705078125,
      0.5078125,
      0.501708984375,
      0.507080078125,
      0.50732421875,
      0.5048828125,
      0.511474609375,
      0.490234375,
      0.5078125,
      0.49658203125,
      0.512451171875,
      0.5126953125,
      0.490478515625,
      0.4921875,
      0.49609375,
      0.5087890625,
      0.4951171875,
      0.50341796875,
      0.5029296875,
      0.49951171875,
      0.49951171875,
      0.50048828125,
      0.49072265625,
      0.495849609375,
      0.481689453125,
      0.493408203125,
      0.5029296875,
      0.498291015625
    ],
    "targets": [
      0.7138392925262451,
      0.6272710561752319,
      0.569089412689209,
      0.6287288069725037,
      0.5793448090553284,
      0.30129191279411316,
      0.24350161850452423,
      0.23952163755893707,
      0.5809692144393921,
      0.556922435760498,
      0.6859944462776184,
      0.6222430467605591,
      0.4728127717971802,
      0.6727898120880127,
      0.589897632598877,
      0.34392717480659485,
      0.237073615193367,
      0.269901841878891,
      0.583532452583313,
      0.5208385586738586,
      0.5814753770828247,
      0.8714330792427063,
      0.816594123840332,
      0.5155949592590332,
      0.5244583487510681,
      0.22410666942596436,
      0.20652402937412262,
      0.2693827450275421,
      0.743765652179718,
      0.5777002573013306,
      0.45819634199142456,
      0.5016167163848877,
      0.22852039337158203,
      0.24247318506240845,
      0.3042597770690918,
      0.33398422598838806,
      0.26797860860824585,
      0.21961680054664612,
      0.26397424936294556,
      0.2720544636249542,
      0.3645605146884918,
      0.2881280183792114,
      0.569089412689209,
      0.6287288069725037,
      0.5793448090553284,
      0.22592124342918396,
      0.3758339583873749,
      0.30764874815940857,
      0.6272710561752319,
      0.33398422598838806
    ]
  }
}