{
  "config": {
    "experiment_name": "quantum_learning_v3_hardware",
    "n_qubits_per_vector": 3,
    "n_ancilla": 1,
    "shots": 4096,
    "spsa_iterations": 200,
    "spsa_lr": 0.15,
    "use_hardware": false,
    "backend_name": "ibm_fez"
  },
  "mode": "simulation",
  "git_commit": "900be9e",
  "timestamp": "2025-11-26T14:35:41.657427",
  "results": {
    "random_correlation": -0.5391237958021181,
    "trained_correlation": 0.5151285592333193,
    "training_effect": 1.0542523550354375,
    "final_loss": 0.6836895749099239,
    "best_loss": 0.6709215079676876,
    "preds_trained": [
      0.65478515625,
      0.53857421875,
      0.566650390625,
      0.4658203125,
      0.509765625,
      0.524169921875,
      0.492919921875,
      0.5078125
    ],
    "targets": [
      0.569089412689209,
      0.6287289261817932,
      0.5793447494506836,
      0.22592122852802277,
      0.3758339583873749,
      0.30764874815940857,
      0.6272711157798767,
      0.3339841961860657
    ]
  },
  "best_theta": [
    -0.021446431668165986,
    0.06918602779019027,
    0.012987507745168726,
    -0.019035307599306,
    -0.07129366339876224,
    -0.0327732803136138,
    0.0017009496039849092,
    -0.011936044768428597,
    -0.006381228419709054,
    -0.03172428650640284,
    0.0029551421868375892,
    0.023574128567678095,
    -0.004162163216870388,
    0.0110780250202947,
    -0.0005126107797801091,
    -0.008218415795254296,
    0.016928843246587225,
    -0.01680163867572791,
    -0.03041411371308434,
    0.0020342868720444837,
    -0.010527245210975185
  ]
}