{
  "config": {
    "experiment_name": "quantum_learning_v3_hardware",
    "n_qubits_per_vector": 3,
    "n_ancilla": 1,
    "shots": 4096,
    "spsa_iterations": 200,
    "spsa_lr": 0.15,
    "use_hardware": false,
    "backend_name": "ibm_fez"
  },
  "mode": "simulation",
  "git_commit": "96a9555",
  "timestamp": "2025-11-25T14:03:11.373741",
  "results": {
    "random_correlation": -0.6056082341245421,
    "trained_correlation": 0.6321385100684195,
    "training_effect": 1.2377467441929615,
    "final_loss": 0.6821287942727055,
    "best_loss": 0.6685415090392917,
    "preds_trained": [
      0.656005859375,
      0.55224609375,
      0.56640625,
      0.43505859375,
      0.493896484375,
      0.5263671875,
      0.502685546875,
      0.502685546875
    ],
    "targets": [
      0.569089412689209,
      0.6287289261817932,
      0.5793447494506836,
      0.22592122852802277,
      0.3758339583873749,
      0.30764874815940857,
      0.6272711157798767,
      0.3339841961860657
    ]
  },
  "best_theta": [
    -0.019777327249337066,
    0.07230939479098084,
    0.019102518342117337,
    -0.01814933146428713,
    -0.049746416239429644,
    -0.014147136853568698,
    -0.012092751090514236,
    -0.04405267314524479,
    -0.005516603231934725,
    -0.018935648655070945,
    0.006972358650088387,
    0.010538200186823164,
    0.012703263210158832,
    0.00687590575560304,
    0.006028796364692759,
    -0.009585366430946098,
    0.03624068961326385,
    0.0019637276614075674,
    -0.02413927408474301,
    -4.961140910846719e-05,
    -0.008668955796473116
  ]
}