{
  "timestamp": "2025-11-24T10:54:28.508640",
  "job_ids": [],
  "best_loss": 0.06643401048484442,
  "final_loss": 0.06643401048484442,
  "theta_opt": [
    0.04414677484893952,
    0.07816773654571361,
    0.09750675446401597,
    0.06574085028779701,
    0.08802792387632064,
    0.029551133616650783,
    0.07857405577628646,
    0.06857831167997623,
    0.018061210409763606,
    0.07590377670608461,
    0.09452888953218666,
    0.06927439604545682,
    0.02321155174047436,
    0.04503432095673243,
    0.042512792404457794,
    0.09383194941675145,
    0.002309923628515831,
    0.0506957644260693,
    0.07157967616137338,
    0.06623199536641831,
    0.046970588176083974,
    0.005272302802809859,
    0.0418454030950334,
    0.0009610846537092322,
    0.0007097564948543745,
    0.03264699825594537,
    0.08252887013501732,
    0.08452242366852343,
    0.018562986717864362,
    0.012588120911476165,
    0.0423330984022871,
    0.09758393089740905,
    0.04456432775292166,
    0.018431737565931573,
    0.009900907847365149,
    0.029069642468543377,
    0.02033779769783707,
    0.08240579980682555,
    0.09666057008988314,
    0.006299752905771616,
    0.07369450495636871,
    0.03416078594440121,
    0.07023823571120302,
    0.050978579376685144,
    0.09519799657412348,
    0.08750664575962408,
    0.09599892986015429,
    0.0870353879603137,
    0.08289664173935696,
    0.04873313481356604,
    0.00618304661666389,
    0.03933035712640784,
    0.059870328249695105,
    0.020871342781929914,
    0.0011641257463686605,
    0.05228862825884776,
    0.06612692137791687,
    0.05312961753405279,
    0.01642530884973259,
    0.0687150232538987
  ],
  "training_pairs": 3,
  "target_similarity_range": [
    0.18313432195691207,
    0.31480334475189353
  ],
  "note": "PURE ANIMAL SPECIALIST \u2014 CONVERGED IN 1 ITERATION ON IBM_FEZ",
  "converged_in_one_step": true
}