{
  "timestamp": "2025-11-24T22:02:27.853466",
  "n_pairs": 8,
  "backend": "ibm_fez",
  "n_qubits": 12,
  "results": {
    "Standard": {
      "correlation": 0.4165217082361574,
      "predictions": [
        0.47151692708333337,
        0.5686848958333333,
        0.50537109375,
        0.17724609375,
        0.0
      ],
      "targets": [
        0.40035403000968617,
        0.6493275574268416,
        0.34193702364779716,
        0.6500207484728782,
        0.16796008992873498
      ],
      "signal_range": 0.5686848958333333
    },
    "Dynamic": {
      "correlation": 0.17818495257101874,
      "predictions": [
        0.28173828125,
        0.10750325520833337,
        0.086669921875,
        0.11181640625,
        0.04256184895833337
      ],
      "targets": [
        0.40035403000968617,
        0.6493275574268416,
        0.34193702364779716,
        0.6500207484728782,
        0.16796008992873498
      ],
      "signal_range": 0.23917643229166663
    }
  },
  "improvement": -0.23833675566513868
}