{
  "timestamp": "2025-11-24T22:59:48.510848",
  "backend": "ibm_fez",
  "n_qubits": 12,
  "shots": 2048,
  "n_pairs": 75,
  "overall_correlation": 0.017870832774632535,
  "p_value": 0.8790460465265318,
  "ordering_correct": true,
  "validation_passed": 