{
  "correlation": 0.7785276763832258,
  "quantum_hits": 5,
  "job_id": "d4hfs5elo8as739qlo0g",
  "modes": [
    "quantum",
    "quantum",
    "quantum",
    "classical",
    "classical",
    "classical",
    "classical",
    "classical",
    "classical",
    "classical",
    "classical",
    "classical",
    "classical",
    "classical",
    "classical",
    "classical",
    "classical",
    "classical",
    "classical",
    "classical",
    "classical",
    "classical",
    "classical",
    "classical",
    "classical",
    "quantum",
    "quantum",
    "classical",
    "classical",
    "classical",
    "classical",
    "classical",
    "classical",
    "classical",
    "classical",
    "classical",
    "classical",
    "classical",
    "classical",
    "classical",
    "classical",
    "classical",
    "classical",
    "classical",
    "classical",
    "classical",
    "classical",
    "classical",
    "classical",
    "classical"
  ],
  "fidelities": [
    0.0,
    0.0,
    0.0,
    0.4152805890647683,
    0.18891621056220104,
    0.20413971665471345,
    0.14063430819185388,
    0.27447965127118606,
    0.23850634039618057,
    0.4173076883440629,
    0.28124186138612844,
    0.5783226223229746,
    0.14638467350168724,
    0.29858470708855134,
    0.18206097770396665,
    0.22753667716937565,
    0.0821728980260019,
    0.35574343573757955,
    0.4612196986619408,
    0.1856498169181841,
    0.28006329471118413,
    0.39184252130422587,
    0.23448696209896222,
    0.23213842100211918,
    0.4107782107870795,
    0.0,
    0.0,
    0.3923662941742407,
    0.14596364326960026,
    0.24887820105356975,
    0.3154959622485427,
    0.1033043741493462,
    0.27112445202014646,
    0.2602651925708384,
    0.24775431883766139,
    0.3305011334356456,
    0.2960638163628148,
    0.2272294016663865,
    0.13926168368082728,
    0.16580741967100038,
    0.30323532456622193,
    0.23301934427371895,
    0.11702230176442341,
    0.22656439465391479,
    0.23703376852788088,
    0.2339752820198823,
    0.08766699207402194,
    0.2122827769545872,
    0.1153632814160253,
    0.26753772955043453
  ],
  "targets": [
    0.25819121927156197,
    0.18313432195691207,
    0.31480334475189353,
    0.4152805890647683,
    0.18891621056220104,
    0.20413971665471345,
    0.14063430819185388,
    0.27447965127118606,
    0.23850634039618057,
    0.4173076883440629,
    0.28124186138612844,
    0.5783226223229746,
    0.14638467350168724,
    0.29858470708855134,
    0.18206097770396665,
    0.22753667716937565,
    0.0821728980260019,
    0.35574343573757955,
    0.4612196986619408,
    0.1856498169181841,
    0.28006329471118413,
    0.39184252130422587,
    0.23448696209896222,
    0.23213842100211918,
    0.4107782107870795,
    0.3198446095572055,
    0.1951406161062067,
    0.3923662941742407,
    0.14596364326960026,
    0.24887820105356975,
    0.3154959622485427,
    0.1033043741493462,
    0.27112445202014646,
    0.2602651925708384,
    0.24775431883766139,
    0.3305011334356456,
    0.2960638163628148,
    0.2272294016663865,
    0.13926168368082728,
    0.16580741967100038,
    0.30323532456622193,
    0.23301934427371895,
    0.11702230176442341,
    0.22656439465391479,
    0.23703376852788088,
    0.2339752820198823,
    0.08766699207402194,
    0.2122827769545872,
    0.1153632814160253,
    0.26753772955043453
  ]
}