{
  "timestamp": "2025-11-24T23:29:18.234211",
  "n_qubits": 20,
  "shots": 4096,
  "direct_encoding": {
    "encoding": "DIRECT",
    "correlation": 0.9894299723210225,
    "p_value": 8.567508391739556e-21,
    "targets": [
      0.8040065765380859,
      0.8645283579826355,
      0.6841421127319336,
      0.8065070509910583,
      0.9124089479446411,
      0.6515876650810242,
      0.7493788003921509,
      0.8338162899017334,
      0.4533253312110901,
      0.4076380133628845,
      0.8042518496513367,
      0.8061943650245667,
      0.8165940642356873,
      0.8714330792427063,
      0.5814753770828247,
      0.8598130345344543,
      0.8874498009681702,
      0.8426463603973389,
      0.5979143977165222,
      0.7659769654273987,
      0.8101968765258789,
      0.7727120518684387,
      0.5375482439994812,
      0.7057095766067505,
      0.5208385586738586
    ],
    "preds": [
      0.711865234375,
      0.8357421875,
      0.413671875,
      0.7205322265625,
      0.9109130859375,
      0.3239501953125,
      0.579248046875,
      0.777685546875,
      0.0,
      0.0,
      0.708984375,
      0.7243408203125,
      0.74072265625,
      0.8497314453125,
      0.15371093749999998,
      0.8276611328125,
      0.8790771484375,
      0.7978515625,
      0.19038085937500004,
      0.6249755859375,
      0.731201171875,
      0.6412841796875,
      0.063720703125,
      0.4681396484375,
      0.04160156250000002
    ]
  },
  "difference_encoding": {
    "encoding": "DIFFERENCE",
    "correlation": 0.007482936483339088,
    "p_value": 0.9491959195482232,
    "targets": [
      0.8040065765380859,
      0.8645283579826355,
      0.6841421127319336,
      0.8065070509910583,
      0.9124089479446411,
      0.6515876650810242,
      0.7493788003921509,
      0.8338162899017334,
      0.4533253312110901,
      0.4076380133628845,
      0.8042518496513367,
      0.8061943650245667,
      0.8165940642356873,
      0.8714330792427063,
      0.5814753770828247,
      0.8598130345344543,
      0.8874498009681702,
      0.8426463603973389,
      0.5979143977165222,
      0.7659769654273987,
      0.8101968765258789,
      0.7727120518684387,
      0.5375482439994812,
      0.7057095766067505,
      0.5208385586738586,
      0.660637617111206,
      0.6886799931526184,
      0.583532452583313,
      0.6393648982048035,
      0.537244439125061,
      0.6160337328910828,
      0.4741821885108948,
      0.4472091794013977,
      0.5515762567520142,
      0.6727898716926575,
      0.6173795461654663,
      0.597112774848938,
      0.6532505750656128,
      0.6025714874267578,
      0.5213974118232727,
      0.6686602234840393,
      0.40643373131752014,
      0.4201005697250366,
      0.8052680492401123,
      0.38653117418289185,
      0.45721757411956787,
      0.5642864108085632,
      0.5148787498474121,
      0.5520163774490356,
      0.7260780334472656,
      0.42500174045562744,
      0.3883900046348572,
      0.22734566032886505,
      0.3475901484489441,
      0.24587324261665344,
      0.25394684076309204,
      0.2854781150817871,
      0.1638326346874237,
      0.1527043730020523,
      0.1007668524980545,
      0.1855192929506302,
      0.2103145271539688,
      0.23538781702518463,
      0.13188040256500244,
      0.3152066767215729,
      0.3138750195503235,
      0.17861725389957428,
      0.24404844641685486,
      0.17951488494873047,
      0.11270685493946075,
      0.22387999296188354,
      0.17233335971832275,
      0.26635000109672546,
      0.2337225079536438,
      0.22259268164634705
    ],
    "preds": [
      0.0,
      0.045092773437499956,
      0.0,
      0.0,
      0.0,
      0.0,
      0.0,
      0.0,
      0.20834960937500002,
      0.0,
      0.0,
      0.0,
      0.0,
      0.0,
      0.0,
      0.0,
      0.0,
      0.0,
      0.0,
      0.0,
      0.0,
      0.0,
      0.0,
      0.0,
      0.0,
      0.0,
      0.0,
      0.0,
      0.0,
      0.0,
      0.0,
      0.0,
      0.0,
      0.0,
      0.0,
      0.0,
      0.0,
      0.0,
      0.0,
      0.0,
      0.0,
      0.0,
      0.0,
      0.0,
      0.0,
      0.0,
      0.0,
      0.0,
      0.0,
      0.0,
      0.0,
      0.0,
      0.0,
      0.0,
      0.0,
      0.0,
      0.0,
      0.0,
      0.0,
      0.0,
      0.0,
      0.0,
      0.0,
      0.0,
      0.0,
      0.0,
      0.0,
      0.0,
      0.0,
      0.0,
      0.0,
      0.0,
      0.0,
      0.0,
      0.0
    ]
  },
  "concat_encoding": {
    "encoding": "CONCAT",
    "correlation": 0.5860736213676475,
    "p_value": 3.310396184684324e-08,
    "targets": [
      0.8040065765380859,
      0.8645283579826355,
      0.6841421127319336,
      0.8065070509910583,
      0.9124089479446411,
      0.6515876650810242,
      0.7493788003921509,
      0.8338162899017334,
      0.4533253312110901,
      0.4076380133628845,
      0.8042518496513367,
      0.8061943650245667,
      0.8165940642356873,
      0.8714330792427063,
      0.5814753770828247,
      0.8598130345344543,
      0.8874498009681702,
      0.8426463603973389,
      0.5979143977165222,
      0.7659769654273987,
      0.8101968765258789,
      0.7727120518684387,
      0.5375482439994812,
      0.7057095766067505,
      0.5208385586738586,
      0.660637617111206,
      0.6886799931526184,
      0.583532452583313,
      0.6393648982048035,
      0.537244439125061,
      0.6160337328910828,
      0.4741821885108948,
      0.4472091794013977,
      0.5515762567520142,
      0.6727898716926575,
      0.6173795461654663,
      0.597112774848938,
      0.6532505750656128,
      0.6025714874267578,
      0.5213974118232727,
      0.6686602234840393,
      0.40643373131752014,
      0.4201005697250366,
      0.8052680492401123,
      0.38653117418289185,
      0.45721757411956787,
      0.5642864108085632,
      0.5148787498474121,
      0.5520163774490356,
      0.7260780334472656,
      0.42500174045562744,
      0.3883900046348572,
      0.22734566032886505,
      0.3475901484489441,
      0.24587324261665344,
      0.25394684076309204,
      0.2854781150817871,
      0.1638326346874237,
      0.1527043730020523,
      0.1007668524980545,
      0.1855192929506302,
      0.2103145271539688,
      0.23538781702518463,
      0.13188040256500244,
      0.3152066767215729,
      0.3138750195503235,
      0.17861725389957428,
      0.24404844641685486,
      0.17951488494873047,
      0.11270685493946075,
      0.22387999296188354,
      0.17233335971832275,
      0.26635000109672546,
      0.2337225079536438,
      0.22259268164634705
    ],