{
  "timestamp": "2025-11-24T22:12:25.806812",
  "backend": "ibm_fez",
  "n_qubits": 12,
  "shots": 2048,
  "pair_counts": [
    13,
    14,
    15,
    16
  ],
  "results": {
    "13": {
      "correlation": 0.11348695048319771,
      "predictions": [
        0.697509765625,
        0.6727701822916667,
        0.42683919270833337,
        0.36328125,
        0.28336588541666663
      ],
      "targets": [
        0.38138181372922747,
        0.25532438926456924,
        0.30880890751693235,
        0.14387753037991904,
        0.39330363454298656
      ],
      "signal_range": 0.41414388020833337,
      "variance": 0.027840411398145894,
      "job_id": "d4ig4m10i6jc73dcp5ag"
    },
    "14": {
      "correlation": -0.4717702299505979,
      "predictions": [
        0.6897786458333333,
        0.44132486979166663,
        0.350830078125,
        0.29500325520833337,
        0.27408854166666663
      ],
      "targets": [
        0.25532438926456924,
        0.30880890751693235,
        0.14387753037991904,
        0.39330363454298656,
        0.6050781856413256
      ],
      "signal_range": 0.41569010416666663,
      "variance": 0.02289087666405571,
      "job_id": "d4ig4o2v0j9c73e2a8og"
    },
    "15": {
      "correlation": -0.6146377277333169,
      "predictions": [
        0.4296875,
        0.356689453125,
        0.294921875,
        0.277099609375,
        0.509765625
      ],
      "targets": [
        0.30880890751693235,
        0.14387753037991904,
        0.39330363454298656,
        0.6050781856413256,
        0.2416851279968721
      ],
      "signal_range": 0.232666015625,
      "variance": 0.007495083808898925,
      "job_id": "d4ig4qc3tdfc73dmeqbg"
    },
    "16": {
      "correlation": -0.5137101359575759,
      "predictions": [
        0.37443033854166663,
        0.28678385416666663,
        0.27685546875,
        0.508544921875,
        0.5167643229166667
      ],
      "targets": [
        0.14387753037991904,
        0.39330363454298656,
        0.6050781856413256,
        0.2416851279968721,
        0.36150413323000136
      ],
      "signal_range": 0.23990885416666674,
      "variance": 0.010756793022155767,
      "job_id": "d4ig4sc3tdfc73dmeqe0"
    }
  }
}