{
  "timestamp": "2025-11-24T22:16:08.189831",
  "backend": "ibm_fez",
  "n_qubits": 12,
  "shots": 2048,
  "pair_counts": [
    5,
    8,
    11,
    14,
    17,
    20
  ],
  "fixed_test_pairs": [
    [
      "plant",
      "tree"
    ],
    [
      "tree",
      "oak"
    ],
    [
      "beverage",
      "coffee"
    ],
    [
      "coffee",
      "espresso"
    ],
    [
      "furniture",
      "chair"
    ]
  ],
  "test_pair_indices": "25-29",
  "results": {
    "5": {
      "correlation": 0.591570313373301,
      "predictions": [
        0.56396484375,
        0.43603515625,
        0.41886393229166663,
        0.26700846354166663,
        0.44563802083333337
      ],
      "targets": [
        0.39792611138635153,
        0.30010633796476455,
        0.4746713141368363,
        0.24701054494635707,
        0.3819305752635418
      ],
      "signal_range": 0.29695638020833337,
      "variance": 0.008969886038038468,
      "job_id": "d4ig69h0i6jc73dcp6t0"
    },
    "8": {
      "correlation": 0.5909513193510534,
      "predictions": [
        0.5862630208333333,
        0.44254557291666663,
        0.42643229166666663,
        0.26481119791666663,
        0.45524088541666663
      ],
      "targets": [
        0.39792611138635153,
        0.30010633796476455,
        0.4746713141368363,
        0.24701054494635707,
        0.3819305752635418
      ],
      "signal_range": 0.32145182291666663,
      "variance": 0.010476949479844833,
      "job_id": "d4ig6bs3tdfc73dmert0"
    },
    "11": {
      "correlation": 0.6181405230805597,
      "predictions": [
        0.5723470052083333,
        0.4326171875,
        0.42708333333333337,
        0.26106770833333337,
        0.44002278645833337
      ],
      "targets": [
        0.39792611138635153,
        0.30010633796476455,
        0.4746713141368363,
        0.24701054494635707,
        0.3819305752635418
      ],
      "signal_range": 0.3112792968749999,
      "variance": 0.009771947330898702,
      "job_id": "d4ig6dp0i6jc73dcp71g"
    },
    "14": {
      "correlation": 0.6596519141017744,
      "predictions": [
        0.564697265625,
        0.42667643229166663,
        0.43668619791666663,
        0.26700846354166663,
        0.44295247395833337
      ],
      "targets": [
        0.39792611138635153,
        0.30010633796476455,
        0.4746713141368363,
        0.24701054494635707,
        0.3819305752635418
      ],
      "signal_range": 0.29768880208333337,
      "variance": 0.008980882432725696,
      "job_id": "d4ig6g574pkc73850dvg"
    },
    "17": {
      "correlation": 0.6478782743105406,
      "predictions": [
        0.5615234375,
        0.44083658854166663,
        0.44108072916666663,
        0.27775065104166663,
        0.45149739583333337
      ],
      "targets": [
        0.39792611138635153,
        0.30010633796476455,
        0.4746713141368363,
        0.24701054494635707,
        0.3819305752635418
      ],
      "signal_range": 0.28377278645833337,
      "variance": 0.008215534951951771,
      "job_id": "d4ig6i10i6jc73dcp770"
    },
    "20": {
      "correlation": 0.5998864485008449,
      "predictions": [
        0.5791015625,
        0.44417317708333337,
        0.43400065104166663,
        0.27726236979166663,
        0.440673828125
      ],
      "targets": [
        0.39792611138635153,
        0.30010633796476455,
        0.4746713141368363,
        0.24701054494635707,
        0.3819305752635418
      ],
      "signal_range": 0.30183919270833337,
      "variance": 0.009152749909294978,
      "job_id": "d4ig6kc3tdfc73dmes70"
    }
  }
}