{
  "timestamp": "2025-11-24T22:10:20.158304",
  "backend": "ibm_fez",
  "n_qubits": 12,
  "shots": 2048,
  "pair_counts": [
    9,
    10,
    11,
    12
  ],
  "results": {
    "9": {
      "correlation": 0.2919270950644491,
      "predictions": [
        0.581298828125,
        0.5214029947916667,
        0.19010416666666663,
        0.01578776041666663,
        0.6903483072916667
      ],
      "targets": [
        0.6493279057533806,
        0.34193677907546666,
        0.6500214458698569,
        0.16796077069181636,
        0.3813810863018402
      ],
      "signal_range": 0.6745605468750001,
      "variance": 0.06471703476376006,
      "job_id": "d4ig3ms3tdfc73dmepbg"
    },
    "10": {
      "correlation": -0.03660561011538136,
      "predictions": [
        0.5208333333333333,
        0.189453125,
        0.0,
        0.693359375,
        0.6681315104166667
      ],
      "targets": [
        0.34193677907546666,
        0.6500214458698569,
        0.16796077069181636,
        0.3813810863018402,
        0.25532469363514115
      ],
      "signal_range": 0.693359375,
      "variance": 0.07517090267605253,
      "job_id": "d4ig3oqv0j9c73e2a7pg"
    },
    "11": {
      "correlation": -0.06600326899989566,
      "predictions": [
        0.17887369791666663,
        0.01383463541666663,
        0.6796875,
        0.671142578125,
        0.43570963541666663
      ],
      "targets": [
        0.6500214458698569,
        0.16796077069181636,
        0.3813810863018402,
        0.25532469363514115,
        0.30880898114272204
      ],
      "signal_range": 0.6658528645833334,
      "variance": 0.07019059499104818,
      "job_id": "d4ig3r2v0j9c73e2a7s0"
    },
    "12": {
      "correlation": 0.7165335309349447,
      "predictions": [
        0.0,
        0.6995442708333333,
        0.666748046875,
        0.43863932291666663,
        0.36311848958333337
      ],
      "targets": [
        0.16796077069181636,
        0.3813810863018402,
        0.25532469363514115,
        0.30880898114272204,
        0.14387819929146298
      ],
      "signal_range": 0.6995442708333333,
      "variance": 0.06361727290683322,
      "job_id": "d4ig3t2v0j9c73e2a7ug"
    }
  }
}