{
  "test1_basic_learning": {
    "train_loss_final": 0.12844949703600284,
    "test_same_domain": -0.5020720482173404,
    "test_diff_domain": -0.9690525978429021,
    "verdict": "FAIL"
  },
  "test2_entanglement": {
    "entangled_corr": -0.5020720482173404,
    "product_corr": 0.5525145575013689,
    "improvement": -1.0545866057187094,
    "verdict": "NO_BENEFIT"
  },
  "test3_training": {
    "random_corr": -0.2945873289834128,
    "trained_corr": -0.5020720482173404,
    "improvement": -0.20748471923392764,
    "verdict": "NO_BENEFIT"
  },
  "overall": {
    "learning_demonstrated": 