{
  "timestamp": "2025-11-24T14:25:22.291155",
  "method": "quantum_maml",
  "n_tasks": 2,
  "meta_iterations": 3,
  "inner_steps": 3,
  "inner_lr": 0.1,
  "outer_lr": 0.01,
  "meta_losses": [
    0.042894888703479364,
    0.042894888703479364,
    0.042894888703479364
  ],
  "test_correlation": NaN,
  "test_mse": 0.04859853776542917,
  "test_support": 5,
  "test_query": 15
}