{
  "timestamp": "2025-11-24T13:59:26.067164",
  "method": "quantum_kernel_ridge",
  "n_train": 15,
  "n_test": 10,
  "correlation": 0.10352930894661247,
  "mse": 5.699635030721537,
  "mae": 2.100023403185551,
  "best_alpha": 0.001,
  "kernel_params": {
    "base_depth": 2,
    "max_depth": 5
  },
  "hardware": false,
  "backend": "simulator"
}