{
  "timestamp": "2025-11-24T15:02:24.463471",
  "method": "quantum_attention",
  "architecture": {
    "n_qubits": 20,
    "n_heads": 4,
    "n_layers": 1,
    "n_params": 100
  },
  "training": {
    "n_epochs": 1,
    "n_pairs": 5,
    "best_loss": 0.040233959864438104
  },
  "test_correlation": 0.8462869367775026,
  "test_mse": 0.02964777705916747,
  "hardware": true
}