{
  "timestamp": "2025-11-24T14:40:54.505238",
  "method": "quantum_attention",
  "architecture": {
    "n_qubits": 20,
    "n_heads": 4,
    "n_layers": 1,
    "n_params": 100
  },
  "training": {
    "n_epochs": 3,
    "n_pairs": 10,
    "best_loss": 0.03432350082141529
  },
  "test_correlation": 0.8580474976208948,
  "test_mse": 0.06244416698513141,
  "hardware": false
}