{
  "timestamp": "2025-11-24T14:54:54.353508",
  "method": "quantum_distillation",
  "teacher": {
    "n_qubits": 20,
    "n_layers": 4,
    "n_params": 100,
    "n_training_pairs": 5
  },
  "student": {
    "architecture": [
      80,
      40,
      20
    ],
    "n_params": 7220,
    "n_synthetic_samples": 100
  },
  "performance": {
    "quantum_correlation": 0.1675201074791781,
    "quantum_mse": 0.03413116204389767,
    "classical_correlation": -0.13030058928835622,
    "classical_mse": 0.07403525235720061,
    "distillation_efficiency": -0.7778205926984134
  },
  "hardware": false
}