{
  "config": {
    "experiment_name": "entanglement_superposition_validation",
    "n_qubits_per_vector": 3,
    "n_ancilla": 1,
    "shots": 4096,
    "use_hardware": true,
    "backend_name": "ibm_fez"
  },
  "mode": "hardware",
  "timestamp": "2025-11-26T15:14:07.056616",
  "results": {
    "entangled_trained": {
      "correlation": 0.6914314113226235,
      "p_value": 0.0575011981140711,
      "predictions": [
        0.724853515625,
        0.5400390625,
        0.566162109375,
        0.43798828125,
        0.4736328125,
        0.5009765625,
        0.564208984375,
        0.490234375
      ]
    },
    "entangled_random": {
      "correlation": -0.918452209197913,
      "p_value": 0.0012741747426227262,
      "predictions": [
        0.4853515625,
        0.4482421875,
        0.4814453125,
        0.58935546875,
        0.607177734375,
        0.583984375,
        0.49169921875,
        0.614501953125
      ]
    },
    "product_trained": {
      "correlation": -0.11389271334092418,
      "p_value": 0.7882906823965701,
      "predictions": [
        0.998291015625,
        0.99853515625,
        0.998046875,
        0.99755859375,
        0.9990234375,
        0.998779296875,
        0.997802734375,
        0.99853515625
      ]
    },
    "product_random": {
      "correlation": 0.8126256602882592,
      "p_value": 0.01422177167939814,
      "predictions": [
        0.136962890625,
        0.135986328125,
        0.130126953125,
        0.127197265625,
        0.126708984375,
        0.129638671875,
        0.13720703125,
        0.130615234375
      ]
    },
    "targets": [
      0.5690894722938538,
      0.628728985786438,
      0.5793448090553284,
      0.22592127323150635,
      0.37583398818969727,
      0.30764877796173096,
      0.6272710561752319,
      0.3339841961860657
    ]
  },
  "quantum_advantage": {
    "entanglement_effect": 0.8053241246635477,
    "learning_effect": 1.6098836205205367,
    "product_learning": -0.9265183736291834,
    "entanglement_validated": true,
    "superposition_validated": true
  }
}