{
  "config": {
    "experiment_name": "entanglement_superposition_validation",
    "n_qubits_per_vector": 3,
    "n_ancilla": 1,
    "shots": 4096,
    "use_hardware": false,
    "backend_name": "ibm_fez"
  },
  "mode": "simulation",
  "timestamp": "2025-11-26T15:10:38.635160",
  "results": {
    "entangled_trained": {
      "correlation": 0.7002458476640596,
      "p_value": 0.053103934074087006,
      "predictions": [
        0.728271484375,
        0.534912109375,
        0.589111328125,
        0.42724609375,
        0.490234375,
        0.498291015625,
        0.5498046875,
        0.456787109375
      ]
    },
    "entangled_random": {
      "correlation": -0.8962021653018758,
      "p_value": 0.0025826626018944565,
      "predictions": [
        0.484130859375,
        0.441650390625,
        0.517333984375,
        0.6044921875,
        0.601806640625,
        0.5908203125,
        0.518310546875,
        0.6220703125
      ]
    },
    "product_trained": {
      "correlation": 0.0,
      "p_value": 1.0,
      "predictions": [
        1.0,
        1.0,
        1.0,
        1.0,
        1.0,
        1.0,
        1.0,
        1.0
      ]
    },
    "product_random": {
      "correlation": -0.449234609540297,
      "p_value": 0.2641499705738493,
      "predictions": [
        0.12353515625,
        0.130615234375,
        0.131591796875,
        0.1455078125,
        0.128173828125,
        0.122802734375,
        0.121826171875,
        0.12744140625
      ]
    },
    "targets": [
      0.5690894722938538,
      0.628728985786438,
      0.5793448090553284,
      0.22592127323150635,
      0.37583398818969727,
      0.30764877796173096,
      0.6272710561752319,
      0.3339841961860657
    ]
  },
  "quantum_advantage": {
    "entanglement_effect": 0.7002458476640596,
    "learning_effect": 1.5964480129659355,
    "product_learning": 0.449234609540297,
    "entanglement_validated": true,
    "superposition_validated": true
  }
}