{
  "config": {
    "experiment_name": "quantum_learning_v3_ancilla",
    "n_qubits_per_vector": 3,
    "n_ancilla": 1,
    "shots": 4096,
    "spsa_iterations": 200,
    "spsa_lr": 0.15,
    "similarity_threshold": 0.5
  },
  "git_commit": "96a9555",
  "timestamp": "2025-11-25T13:10:38.069580",
  "results": {
    "random_baseline": {
      "correlation": -0.5112355580845055,
      "preds": [
        0.502685546875,
        0.50537109375,
        0.469970703125,
        0.509033203125,
        0.515869140625,
        0.58251953125,
        0.494140625,
        0.497802734375
      ]
    },
    "entangled": {
      "correlation": 0.7088249634373731,
      "training_effect": 1.2200605215218787,
      "final_loss": 0.6632444073451542,
      "best_loss": 0.654128952286464
    },
    "product": {
      "correlation": -0.17274768294564544
    }
  },
  "learning_demonstrated": true,
  "summary": {
    "random_correlation": -0.5112355580845055,
    "trained_correlation": 0.7088249634373731,
    "training_effect": 1.2200605215218787,
    "entanglement_effect": 0.8815726463830186
  }
}