{
  "config": {
    "experiment_name": "quantum_learning_v3_ancilla",
    "n_qubits_per_vector": 3,
    "n_ancilla": 1,
    "shots": 4096,
    "spsa_iterations": 200,
    "spsa_lr": 0.15,
    "similarity_threshold": 0.5
  },
  "git_commit": "96a9555",
  "timestamp": "2025-11-25T13:13:34.353518",
  "results": {
    "random_baseline": {
      "correlation": -0.6240399213049773,
      "preds": [
        0.509765625,
        0.509765625,
        0.4755859375,
        0.5205078125,
        0.537841796875,
        0.565673828125,
        0.50439453125,
        0.512939453125
      ]
    },
    "entangled": {
      "correlation": 0.6825028947429083,
      "training_effect": 1.3065428160478856,
      "final_loss": 0.6688750524342082,
      "best_loss": 0.6606881597554866
    },
    "product": {
      "correlation": -0.3105338945289218
    }
  },
  "learning_demonstrated": true,
  "summary": {
    "random_correlation": -0.6240399213049773,
    "trained_correlation": 0.6825028947429083,
    "training_effect": 1.3065428160478856,
    "entanglement_effect": 0.99303678927183
  }
}