{
  "config": {
    "experiment_name": "quantum_learning_v3_ancilla",
    "n_qubits_per_vector": 3,
    "n_ancilla": 1,
    "shots": 4096,
    "spsa_iterations": 200,
    "spsa_lr": 0.15,
    "similarity_threshold": 0.5
  },
  "git_commit": "96a9555",
  "timestamp": "2025-11-25T13:08:32.319308",
  "results": {
    "random_baseline": {
      "correlation": 0.5606025552422115,
      "preds": [
        0.5087890625,
        0.499755859375,
        0.514892578125,
        0.490234375,
        0.476806640625,
        0.42578125,
        0.5029296875,
        0.50244140625
      ]
    },
    "entangled": {
      "correlation": -0.6347684224359922,
      "training_effect": -1.1953709776782038,
      "final_loss": 0.6897472770514397,
      "best_loss": 0.6813600049826152
    },
    "product": {
      "correlation": -0.681053954109102
    }
  },
  "learning_demonstrated": false,
  "summary": {
    "random_correlation": 0.5606025552422115,
    "trained_correlation": -0.6347684224359922,
    "training_effect": -1.1953709776782038,
    "entanglement_effect": 0.04628553167310978
  }
}