{
  "config": {
    "experiment_name": "quantum_learning_v4_dense",
    "n_qubits_per_vector": 3,
    "n_features": 6,
    "n_ancilla": 1,
    "shots": 4096,
    "spsa_iterations": 300,
    "spsa_lr": 0.1,
    "reupload_layers": 2
  },
  "git_commit": "96a9555",
  "timestamp": "2025-11-25T13:24:56.879619",
  "results": {
    "random_correlation": 0.13347795056602665,
    "trained_correlation": 0.5935120460020219,
    "training_effect": 0.46003409543599527,
    "final_loss": 0.6752232206694293,
    "best_loss": 0.6652569851572001,
    "variance_explained": 0.38739442825317383,
    "predictions": [
      0.557861328125,
      0.476318359375,
      0.5634765625,
      0.459228515625,
      0.470458984375,
      0.43115234375,
      0.542236328125,
      0.480712890625
    ],
    "targets": [
      0.5023755431175232,
      0.569089412689209,
      0.3726113438606262,
      0.1262686550617218,
      0.29896703362464905,
      0.22556723654270172,
      0.5725405812263489,
      0.3948492705821991
    ]
  },
  "learning_demonstrated": true
}