{
  "config": {
    "experiment_name": "quantum_learning_v5_parity",
    "n_qubits_per_vector": 3,
    "n_features": 6,
    "n_total_qubits": 6,
    "shots": 4096,
    "spsa_iterations": 200,
    "spsa_lr": 0.1
  },
  "git_commit": "96a9555",
  "timestamp": "2025-11-25T13:31:46.904221",
  "results": {
    "corr_random": 0.20952512403144352,
    "corr_train": -0.29106212893178,
    "training_effect": -0.5005872529632236,
    "preds_trained": [
      0.49169921875,
      0.505126953125,
      0.505859375,
      0.514892578125,
      0.510009765625,
      0.51123046875,
      0.494384765625,
      0.5009765625
    ],
    "preds_random": [
      0.5107421875,
      0.488037109375,
      0.51220703125,
      0.509521484375,
      0.494140625,
      0.5,
      0.492919921875,
      0.498046875
    ],
    "targets": [
      0.5023755431175232,
      0.569089412689209,
      0.8714330792427063,
      0.1262686550617218,
      0.29896703362464905,
      0.3570166528224945,
      0.3726113438606262,
      0.3339841961860657
    ],
    "loss": [
      0.244729791368757,
      0.2470470837184361,
      0.24356800104890552,
      0.24446568744523184,
      0.24790615481989725,
      0.2462079610143389,
      0.24058376252651215,
      0.2454633308308465,
      0.24622386055333273,
      0.24386216700077057,
      0.24454021879604884,
      0.24453776861940113,
      0.2473735234567097,
      0.24318256761346543,
      0.24556024159703937,
      0.24593069085053035,
      0.24431931972503662,
      0.24516747891902924,
      0.24599551728793553,
      0.24314123817852565,
      0.24270707581724438,
      0.2444478763001306,
      0.24346362480095457,
      0.2471497484615871,
      0.24703209315027508,
      0.24406997220856802,
      0.24784000643662044,
      0.2415637480361121,
      0.2464145485843931,
      0.24537927125181472,
      0.24423951549189432,
      0.24708708269255503,
      0.24523627758026123,
      0.24643811370645252,
      0.24289505822317942,
      0.24551413101809366,
      0.24284846654960088,
      0.24450274237564634,
      0.24602401895182474,
      0.24494038096496037,
      0.24314091035297938,
      0.24506709405354093,
      0.24645696793283733,
      0.24853870698383876,
      0.24584826401301793,
      0.24454150881086079,
      0.24421860916273935,
      0.24544698425701686,
      0.24670897637094769,
      0.24526675258363995,
      0.24495886904852732,
      0.24494005526815144,
      0.24401378631591797,
      0.24474941406931194,
      0.24360738694667816,
      0.24422127859933035,
      0.24431475358349936,
      0.24596168739455088,
      0.24664797527449472,
      0.24351006746292114,
      0.2453009890658515,
      0.24378673093659536,
      0.246933108993939,
      0.2451268711260387,
      0.24681920877524782,
      0.2451394519635609,
      0.24351155119282858,
      0.24567327541964395,
      0.24466077983379364,
      0.24531202231134686,
      0.24428762282644,
      0.24301404186657496,
      0.24422983399459292,
      0.24548205520425526,
      0.24243544467857908,
      0.24583365661757334,
      0.24432483741215297,
      0.24509202795369284,
      0.24571344469274792,
      0.24691585983548847,
      0.24707883170672823,
      0.24437402401651653,
      0.24624083084719522,
      0.24720308397497448,
      0.24198167026042938,
      0.2466554194688797,
      0.2437456782375063,
      0.24519428610801697,
      0.24589401696409496,
      0.24161904198782785,
      0.2467578670808247,
      0.24306234291621617,
      0.24639690560953958,
      0.24285858869552612,
      0.24495558653559005,
      0.2446408974272864,
      0.24332812215600697,
      0.24187825620174408,
      0.24464379038129536,
      0.24515685439109802,
      0.24514269615922657,
      0.24420416355133057,
      0.24250670628888266,
      0.24635696836880275,
      0.24467993208340236,
      0.24723635401044575,
      0.24606244266033173,
      0.24516833892890383,
      0.24372578092983793,
      0.24569817738873617,
      0.24460255673953463,
      0.24638566374778748,
      0.24298495267118725,
      0.24420041484492166,
      0.2437394346509661,
      0.24501264308180126,
      0.24638426516737255,
      0.24542324883597239,
      0.24323848954268865,
      0.2441856222493308,
      0.2483431079557964,
      0.2462238201073238,
      0.24301964683192118,
      0.24377084204128813,
      0.24708482197352816,
      0.24471006648881094,
      0.24284388976437704,
      0.245575161916869,
      0.2470325039965766,
      0.24337973126343318,
      0.2458551973104477,
      0.24556252573217663,
      0.24296191121850697,
      0.24434291039194378,
      0.24418823208127705,
      0.24526521989277433,
      0.24406247905322484,
      0.24689066622938427,
      0.24777375374521526,
      0.24517273690019337,
      0.24456515908241272,
      0.2462152455534254,
      0.24440650641918182,
      0.24345176986285616,
      0.24508788330214365,
      0.24657215390886578,
      0.24438363952296122,
      0.24533402068274363,
      0.2448587864637375,
      0.24632092884608678,
      0.24327551892825536,
      0.24308170803955623,
      0.24281490913459233,
      0.24646906767572674,
      0.24261794984340668,
      0.24488698158945357,
      0.24748262124402182,
      0.24675363302230835,
      0.246256879397801,
      0.244339114853314,
      0.24236649700573512,
      0.24487043917179108,
      0.24797020426818303,
      0.24383779934474398,
      0.24511374107428957,
      0.2453376523086003,
      0.24612960645130705,
      0.24405746161937714,
      0.242913048182215,
      0.24590800063950674,
      0.24590817732470377,
      0.24277101669992718,
      0.24629640792097363,
      0.24462672003677913,
      0.24336238418306622,
      0.24568071748529163,
      0.24635708119188038,
      0.24742636510304042,
      0.2443290629557201,
      0.2443191579410008,
      0.24559812673500606,
      0.24473991990089417,
      0.24499416777065822,
      0.24374782613345553,
      0.2449343183210918,
      0.24329986742564608,
      0.24345509707927704,
      0.24387940977300915,
      0.24611949069159372,
      0.2434713010277067,
      0.24739113662924087,
      0.24415946006774902,
      0.2448502161673137,
      0.24656905020986283,
      0.24344586261681148,
      0.24459099769592285,
      0.24597630756241934,
      0.2460743806191853,
      0.2437088830130441,
      0.2422798914568765
    ],
    "variance_explained": 0.40414196252822876,
    "pred_range": 0.023193359375
  },
  "learning_demonstrated": false
}