{
  "best_theta": [
    -0.021446431668165986,
    0.06918602779019027,
    0.012987507745168726,
    -0.019035307599306,
    -0.07129366339876224,
    -0.0327732803136138,
    0.0017009496039849092,
    -0.011936044768428597,
    -0.006381228419709054,
    -0.03172428650640284,
    0.0029551421868375892,
    0.023574128567678095,
    -0.004162163216870388,
    0.0110780250202947,
    -0.0005126107797801091,
    -0.008218415795254296,
    0.016928843246587225,
    -0.01680163867572791,
    -0.03041411371308434,
    0.0020342868720444837,
    -0.010527245210975185
  ],
  "simulation_correlation": 0.5151285592333193,
  "random_correlation": -0.5391237958021181,
  "training_effect": 1.0542523550354375,
  "timestamp": "2025-11-26T14:35:41.656636"
}