{
  "best_theta": [
    -0.2059492506358926,
    -0.02885232951297899,
    0.06419617331834894,
    -0.021886270607534057,
    -0.03732403829296387,
    -0.010398244184297023,
    0.026348520906163124,
    -0.0043310234320350196,
    0.01467014623669269,
    -0.0935861239247957,
    0.023416185851442388,
    -0.017692063515617897,
    -0.0207904721973165,
    -0.0028223854168787812,
    -0.21017793121242534,
    -0.01754581216305061,
    0.038737166576748756,
    0.02594074040918759,
    -0.01600112711772033,
    0.0028550058796542976,
    -0.05658966183224832
  ],
  "train_pairs": 40,
  "sim_correlation": 0.41852937387674155,
  "random_correlation": 0.3347825078108168
}