{
  "best_theta": [
    -0.011922795084559545,
    -0.005892552140529982,
    -0.0022188219778220045,
    -0.002505533026721273,
    -0.01770244572460201,
    -7.341815459384462e-06,
    0.00996038111122803,
    0.006445797160739959,
    0.016257207704798497,
    0.011653742686568503,
    0.0033166450962303115,
    0.01122662540352915,
    0.006072578056542752,
    0.0036126321039118693,
    -0.012297651969668146,
    -0.00933983837606458,
    0.005030738241276138,
    0.00434937757528757,
    0.0018988842895494222,
    -0.014544955204111346,
    0.008205849177265724,
    -0.006752970863649305,
    0.00039862071368828255,
    0.0015378511488720287,
    0.012703487424208891,
    -0.003042668163498468,
    -0.010039333828151763,
    -0.014796719946284726,
    0.013527518718312688,
    -0.013349795235332902,
    0.005978959092724936,
    -0.00875139610655345,
    0.010321585861836265
  ],
  "n_qubits_per_vector": 5,
  "n_training_pairs": 50,
  "simulation_correlation": -0.10547959636464913,
  "random_correlation": 0.3221599306177444,
  "training_effect": -0.4276395269823935,
  "timestamp": "2025-11-26T16:39:20.600584"
}